<?xml version="1.0"?>
<testResults>
  <FitNesseVersion>v20161106</FitNesseVersion>
  <rootPath>FrontPage.Zapisy.dodawanie_prowadzacego</rootPath>
    <result>
    <counts>
      <right>6</right>
      <wrong>0</wrong>
      <ignores>0</ignores>
      <exceptions>0</exceptions>
    </counts>
    <date>2017-03-30T11:25:34+02:00</date>
    <runTimeInMillis>49</runTimeInMillis>
    <content>&lt;div class="collapsible closed"&gt;&lt;ul&gt;&lt;li&gt;&lt;a href='#' class='expandall'&gt;Expand&lt;/a&gt;&lt;/li&gt;&lt;li&gt;&lt;a href='#' class='collapseall'&gt;Collapse&lt;/a&gt;&lt;/li&gt;&lt;/ul&gt;
	&lt;p class="title"&gt;Included page: &lt;a href="FrontPage.Zapisy.SetUp"&gt;.FrontPage.Zapisy.SetUp&lt;/a&gt; &lt;a href="FrontPage.Zapisy.SetUp?edit&amp;amp;redirectToReferer=true&amp;amp;redirectAction=" class="edit"&gt;(edit)&lt;/a&gt;&lt;/p&gt;
	&lt;div&gt;&lt;table&gt;
	&lt;tr&gt;
		&lt;td&gt;testsFitNesse.SetUp&lt;/td&gt;
	&lt;/tr&gt;
&lt;/table&gt;
&lt;/div&gt;
&lt;/div&gt;
&lt;br/&gt;&lt;table&gt;
	&lt;tr&gt;
		&lt;td colspan="2"&gt;testsFitNesse.addLecturerTest&lt;/td&gt;
	&lt;/tr&gt;
	&lt;tr&gt;
		&lt;td&gt;data&lt;/td&gt;
		&lt;td&gt;addLecturer?&lt;/td&gt;
	&lt;/tr&gt;
	&lt;tr&gt;
		&lt;td&gt;Jan,Kowalski,84521477414,aadres,Male,Mgr. inz&lt;/td&gt;
		&lt;td class="pass"&gt;true&lt;/td&gt;
	&lt;/tr&gt;
	&lt;tr&gt;
		&lt;td&gt;Maciej,Kowalski,84521477414,aadres,Male,Mgr. inz&lt;/td&gt;
		&lt;td class="pass"&gt;true&lt;/td&gt;
	&lt;/tr&gt;
	&lt;tr&gt;
		&lt;td&gt;Jan,Kowalski,82521477414,aadres,Male,Mgr. inz&lt;/td&gt;
		&lt;td class="pass"&gt;true&lt;/td&gt;
	&lt;/tr&gt;
	&lt;tr&gt;
		&lt;td&gt;Jan,Kowalski,84521477414,ares,Male,Mgr. inz&lt;/td&gt;
		&lt;td class="pass"&gt;true&lt;/td&gt;
	&lt;/tr&gt;
	&lt;tr&gt;
		&lt;td&gt;Jan,Kowalski,84521477414,aadres,Female,Mgr. inz&lt;/td&gt;
		&lt;td class="pass"&gt;true&lt;/td&gt;
	&lt;/tr&gt;
	&lt;tr&gt;
		&lt;td&gt;Jan,Kowalski,84521477414,aadres,Male,Mgr. inz&lt;/td&gt;
		&lt;td class="pass"&gt;false&lt;/td&gt;
	&lt;/tr&gt;
&lt;/table&gt;
</content>
    <relativePageName>dodawanie_prowadzacego</relativePageName>
          </result>
  <executionLog>
    <testSystem>fit:fit.FitServer</testSystem>
    <command>"C:\Program Files\Java\jdk1.8.0_121\bin\java" -cp C:\Users\Kuba\Documents\Java\X\Application\FitNesse\fitnesse-standalone.jar;..\RegistrationClassLibrary\build\classes fit.FitServer DESKTOP-V7JTNP8 57125 3863</command>
    <exitCode>0</exitCode>
    <stdOut></stdOut>
    <stdErr></stdErr>
  </executionLog>
  <finalCounts>
    <right>1</right>
    <wrong>0</wrong>
    <ignores>0</ignores>
    <exceptions>0</exceptions>
  </finalCounts>
  <totalRunTimeInMillis>570</totalRunTimeInMillis>
</testResults>

